LBD_name,CI434,LexAs5,LexA87,LexAs23,HKCI,RecApact,PurR,LexAs15,LexAs14,CI,DeoR,DBD1
acVHH,13.116636025637336,16.648011646134577,9.581037307242246,10.69191671686376,12.773125595794935,11.877448596084143,10.271157059199286,9.267775806682156,6.953056111690403,18.90280769171696,9.267775806682156,13.737677218100979
LasR,24.048489859792433,27.425266149983454,18.10568441768773,20.035983031533153,23.544440406573898,22.072765884006458,19.330703182986635,17.49786947744633,12.064791269817292,28.94457217196633,17.49786947744633,24.96509397818371
RpaR,4.424792727996811,12.375238492586547,0.6254889059663559,1.1618839467836126,3.695800577823948,2.266338573606264,0.9228380783887457,0.5173605157252796,0.11769954856419228,14.485733088017003,0.5173605157252796,6.06806301373296
CinR,14.837614494414982,16.16491473823046,11.753729098730426,12.773736675330465,14.527943018940881,13.83258489042933,12.411579624779343,11.432062562127214,8.161607336123943,16.447729717674854,11.432062562127214,15.26199623732231
BjaR,18.00527429524439,18.602940132998135,13.634028321059583,16.90546577207967,17.88932056990232,17.509494069951014,16.66403487714909,11.947267483352407,2.8119939147360333,18.71734031236249,11.947267483352407,18.21205516717108
RpaRTemp,0.035485714,0.035485714,0.035485714,0.035485714,0.035485714,0.035485714,0.035485714,0.035485714,0.035485714,0.035485714,0.035485714,0.035485714
LuxRmut,0.035485714,0.035485714,0.035485714,0.035485714,0.035485714,0.035485714,0.035485714,0.035485714,0.035485714,0.035485714,0.035485714,0.035485714
LBD1,0.03549539383619084,0.03552213001926434,0.03548687494463916,0.03548796464360393,0.03549360336152629,0.03549031788028861,0.03548747488615953,0.035486659282400475,0.035485873474832445,0.03553256413616427,0.035486659282400475,0.035499750977227074
BraR,17.32737614316092,27.92800534962757,9.655061654382145,11.246818103901973,15.509492562492216,13.18716488096993,10.622990344902757,9.187217254242146,5.878477423685316,29.37846909765013,9.187217254242146,20.637776273933376
